Layers,Units,Activation,Optimizer,Learning Rate,Accuracy,Val Accuracy
1,128,relu,SGD,0.0001,0.7779204249382019,0.7333333492279053
1,128,relu,SGD,0.001,0.8100128173828125,0.7794871926307678
